time_stamp, total time, scan point size, incremental time, search time, delete size, delete time, tree size st, tree size end, add point size, preprocess time
1710594579.09778595,0.01223602,10986,0.00141799,0.00000000,0,0.00000000,543,615,245,0.00000000
1710594579.19767904,0.00727702,10856,0.00044206,0.00000000,0,0.00000000,615,584,152,0.00079202
1710594579.29790998,0.00941331,11095,0.00053038,0.00000000,0,0.00000000,584,562,105,0.00127767
1710594579.39778757,0.01229907,11143,0.00085171,0.00000000,0,0.00000000,562,528,88,0.00061022
1710594579.49762821,0.00660414,10893,0.00016199,0.00000000,0,0.00000000,528,583,78,0.00088547
1710594579.59791160,0.00837362,11000,0.00027089,0.00000000,0,0.00000000,583,623,58,0.00122962
1710594579.69781899,0.00645088,11047,0.00011707,0.00000000,0,0.00000000,623,612,65,0.00092732
1710594579.79764986,0.00771331,11071,0.00026145,0.00000000,0,0.00000000,612,593,67,0.00092644
1710594579.89793205,0.00810208,11241,0.00015611,0.00000000,0,0.00000000,593,606,61,0.00072925
1710594579.99780917,0.00708903,10992,0.00012385,0.00000000,0,0.00000000,606,643,61,0.00082192
1710594580.09784627,0.00721368,11121,0.00024221,0.00000000,0,0.00000000,643,602,59,0.00053912
1710594580.19778585,0.00725769,11262,0.00011880,0.00000000,0,0.00000000,602,610,45,0.00051851
1710594580.29787970,0.00683644,10997,0.00010244,0.00000000,0,0.00000000,610,640,39,0.00055707
1710594580.39795065,0.00693817,11171,0.00006910,0.00000000,0,0.00000000,640,666,33,0.00070102
1710594580.49791503,0.00768285,11177,0.00020291,0.00000000,0,0.00000000,666,666,33,0.00085474
1710594580.59789848,0.00787055,11152,0.00010300,0.00000000,0,0.00000000,666,694,32,0.00083936
1710594580.69799161,0.00728482,11084,0.00015584,0.00000000,0,0.00000000,694,675,27,0.00051449
1710594580.79795337,0.00708692,11050,0.00007162,0.00000000,0,0.00000000,675,692,24,0.00068004
1710594580.89787960,0.00653172,11043,0.00008796,0.00000000,0,0.00000000,692,685,28,0.00055303
1710594580.99796176,0.00824705,11293,0.00008382,0.00000000,0,0.00000000,685,702,23,0.00072157
1710594581.09793282,0.00770296,11022,0.00012756,0.00000000,0,0.00000000,702,687,26,0.00064227
1710594581.19782424,0.00801311,11115,0.00030776,0.00000000,0,0.00000000,687,649,30,0.00051390
1710594581.29771495,0.00753368,11237,0.00014675,0.00000000,0,0.00000000,649,623,23,0.00065995
1710594581.39798069,0.00821466,11005,0.00009336,0.00000000,0,0.00000000,623,647,33,0.00073786
1710594581.49786568,0.00620355,11277,0.00003910,0.00000000,0,0.00000000,647,668,26,0.00071573
1710594581.59797025,0.00722746,11067,0.00004741,0.00000000,0,0.00000000,668,684,17,0.00062208
1710594581.69768286,0.00731301,11023,0.00009600,0.00000000,0,0.00000000,684,678,22,0.00104832
1710594581.79789424,0.00831494,11215,0.00009086,0.00000000,0,0.00000000,678,694,25,0.00056357
1710594581.89785671,0.00590936,11060,0.00003140,0.00000000,0,0.00000000,694,702,18,0.00083460
1710594581.99796128,0.00829685,10966,0.00010553,0.00000000,0,0.00000000,702,688,15,0.00063908
1710594582.09793735,0.00641008,11143,0.00005155,0.00000000,0,0.00000000,688,684,14,0.00065813
1710594582.19782066,0.00860941,11042,0.00010617,0.00000000,0,0.00000000,684,691,21,0.00077681
1710594582.29795074,0.00701567,11070,0.00008231,0.00000000,0,0.00000000,691,698,32,0.00049761
1710594582.39786863,0.00737008,11127,0.00007128,0.00000000,0,0.00000000,698,708,16,0.00075986
1710594582.49775457,0.00687943,10856,0.00008829,0.00000000,0,0.00000000,708,713,20,0.00064904
1710594582.59799981,0.00900628,11075,0.00006451,0.00000000,0,0.00000000,713,723,15,0.00077210
1710594582.69796085,0.00772296,11066,0.00013320,0.00000000,0,0.00000000,723,689,16,0.00067465
1710594582.79768085,0.00790130,10903,0.00009040,0.00000000,0,0.00000000,689,699,24,0.00056073
1710594582.89797068,0.00724685,11063,0.00006109,0.00000000,0,0.00000000,699,709,21,0.00077916
1710594582.99795175,0.00795569,10962,0.00005053,0.00000000,0,0.00000000,709,724,17,0.00085137
1710594583.09772325,0.00694536,10815,0.00006136,0.00000000,0,0.00000000,724,731,12,0.00066361
1710594583.19783187,0.00799822,11175,0.00014858,0.00000000,0,0.00000000,731,741,36,0.00069399
1710594583.29792905,0.00703786,11021,0.00009709,0.00000000,0,0.00000000,741,742,17,0.00055121
1710594583.39788771,0.00758845,11027,0.00007059,0.00000000,0,0.00000000,742,739,13,0.00059031
1710594583.49799943,0.00355452,11049,0.00003542,0.00000000,0,0.00000000,739,753,19,0.00078722
1710594583.59789991,0.00274147,10921,0.00003751,0.00000000,0,0.00000000,753,755,15,0.00059732
1710594583.69773436,0.00739604,10938,0.00014074,0.00000000,0,0.00000000,755,721,20,0.00055546
1710594583.79776692,0.00814208,11004,0.00007073,0.00000000,0,0.00000000,721,738,17,0.00095537
1710594583.89793444,0.00589165,10892,0.00002460,0.00000000,0,0.00000000,738,744,13,0.00031655
1710594583.99771500,0.00764049,11028,0.00008045,0.00000000,0,0.00000000,744,724,17,0.00019105
1710594584.09766603,0.00746332,10963,0.00009890,0.00000000,0,0.00000000,724,702,9,0.00072248
1710594584.19771647,0.00774854,10921,0.00004854,0.00000000,0,0.00000000,702,712,16,0.00063416
1710594584.29777336,0.00698948,11071,0.00003224,0.00000000,0,0.00000000,712,715,7,0.00051221
1710594584.39769530,0.00755263,11136,0.00011790,0.00000000,0,0.00000000,715,700,17,0.00053158
1710594584.49793863,0.00642503,10859,0.00002514,0.00000000,0,0.00000000,700,709,12,0.00059988
1710594584.59770012,0.00721595,11032,0.00005712,0.00000000,0,0.00000000,709,706,15,0.00065567
1710594584.69768810,0.00670106,10951,0.00004168,0.00000000,0,0.00000000,706,713,9,0.00056517
1710594584.79763436,0.00696736,10933,0.00006421,0.00000000,0,0.00000000,713,711,14,0.00082247
1710594584.89771581,0.00777415,11004,0.00002347,0.00000000,0,0.00000000,711,715,6,0.00069693
1710594584.99767423,0.00648923,10983,0.00002573,0.00000000,0,0.00000000,715,723,10,0.00076765
1710594585.09798408,0.00786731,10892,0.00008235,0.00000000,0,0.00000000,723,713,14,0.00078840
1710594585.19797421,0.00766172,11085,0.00003831,0.00000000,0,0.00000000,713,723,10,0.00082738
1710594585.29801416,0.00587533,10811,0.00001512,0.00000000,0,0.00000000,723,732,11,0.00030555
1710594585.39779305,0.00714556,11069,0.00003788,0.00000000,0,0.00000000,732,737,7,0.00100066
1710594585.49773598,0.00617362,11040,0.00001485,0.00000000,0,0.00000000,737,742,7,0.00081482
1710594585.59768391,0.00727389,11042,0.00002627,0.00000000,0,0.00000000,742,749,10,0.00071210
1710594585.69793725,0.00724227,11054,0.00006337,0.00000000,0,0.00000000,749,732,14,0.00088187
1710594585.79798865,0.00712658,11003,0.00005341,0.00000000,0,0.00000000,732,731,11,0.00057295
1710594585.89769816,0.00645681,11007,0.00002440,0.00000000,0,0.00000000,731,731,9,0.00078189
1710594585.99799109,0.00689937,11005,0.00002146,0.00000000,0,0.00000000,731,730,5,0.00087345
1710594586.09799886,0.00760854,10914,0.00005100,0.00000000,0,0.00000000,730,735,13,0.00063738
1710594586.19791293,0.00603483,11136,0.00002660,0.00000000,0,0.00000000,735,740,10,0.00053916
1710594586.29795504,0.00649001,11128,0.00003546,0.00000000,0,0.00000000,740,750,12,0.00039246
1710594586.39778423,0.00758657,10803,0.00007278,0.00000000,0,0.00000000,750,756,17,0.00084225
1710594586.49773788,0.00686221,11172,0.00005165,0.00000000,0,0.00000000,756,769,14,0.00039565
1710594586.59799075,0.00769224,11065,0.00003330,0.00000000,0,0.00000000,769,778,11,0.00078790
1710594586.69780827,0.00767564,10983,0.00005690,0.00000000,0,0.00000000,778,783,14,0.00079302
1710594586.79777789,0.00726683,11180,0.00004599,0.00000000,0,0.00000000,783,790,13,0.00070211
1710594586.89805269,0.00762678,10939,0.00003400,0.00000000,0,0.00000000,790,797,8,0.00055589
1710594586.99776220,0.00697206,11180,0.00004531,0.00000000,0,0.00000000,797,794,11,0.00076747
1710594587.09774423,0.00616328,11262,0.00002860,0.00000000,0,0.00000000,794,796,6,0.00067589
1710594587.19767284,0.00774452,11008,0.00004861,0.00000000,0,0.00000000,796,791,9,0.00083628
1710594587.29802036,0.00672328,11222,0.00002239,0.00000000,0,0.00000000,791,797,6,0.00051536
1710594587.39775681,0.00704866,11164,0.00002303,0.00000000,0,0.00000000,797,802,8,0.00078725
1710594587.49768472,0.00656574,11176,0.00003475,0.00000000,0,0.00000000,802,789,10,0.00052117
1710594587.59798789,0.00760978,11310,0.00004759,0.00000000,0,0.00000000,789,791,13,0.00105727
1710594587.69777870,0.00702486,11011,0.00003599,0.00000000,0,0.00000000,791,794,8,0.00087492
1710594587.79770470,0.00739004,11200,0.00003757,0.00000000,0,0.00000000,794,786,4,0.00079712
1710594587.89801264,0.00948657,11284,0.00005438,0.00000000,0,0.00000000,786,789,9,0.00068127
1710594587.99774194,0.00704070,11077,0.00006138,0.00000000,0,0.00000000,789,793,11,0.00084161
1710594588.09767723,0.00756377,11228,0.00003953,0.00000000,0,0.00000000,793,788,7,0.00078454
1710594588.19782948,0.00831617,11244,0.00013342,0.00000000,0,0.00000000,788,748,18,0.00062507
1710594588.29777408,0.00722750,11012,0.00002982,0.00000000,0,0.00000000,748,756,9,0.00060664
1710594588.39770365,0.00692498,11399,0.00002226,0.00000000,0,0.00000000,756,765,9,0.00070115
1710594588.49785519,0.00744488,11171,0.00004269,0.00000000,0,0.00000000,765,767,10,0.00072761
1710594588.59780312,0.00632680,11175,0.00001681,0.00000000,0,0.00000000,767,769,8,0.00075574
1710594588.69789338,0.00718380,11278,0.00004861,0.00000000,0,0.00000000,769,765,8,0.00056141
1710594588.79767323,0.00495902,11031,0.00001699,0.00000000,0,0.00000000,765,768,5,0.00073997
1710594588.89777231,0.00714368,11075,0.00002851,0.00000000,0,0.00000000,768,770,10,0.00071492
1710594588.99771547,0.00728275,11274,0.00000883,0.00000000,0,0.00000000,770,772,3,0.00082989
1710594589.09789801,0.00616880,10910,0.00002837,0.00000000,0,0.00000000,772,778,12,0.00057241
1710594589.19779634,0.00721852,11154,0.00003755,0.00000000,0,0.00000000,778,786,9,0.00028010
1710594589.29774237,0.00785278,11144,0.00003001,0.00000000,0,0.00000000,786,793,7,0.00061925
1710594589.39787126,0.00713785,10817,0.00007658,0.00000000,0,0.00000000,793,778,11,0.00067342
1710594589.49779320,0.00315048,11180,0.00002217,0.00000000,0,0.00000000,778,779,11,0.00074940
1710594589.59772635,0.00740460,11084,0.00002377,0.00000000,0,0.00000000,779,783,4,0.00074963
1710594589.69784498,0.00661176,10800,0.00001857,0.00000000,0,0.00000000,783,787,5,0.00073587
1710594589.79781485,0.00829970,11195,0.00004322,0.00000000,0,0.00000000,787,792,9,0.00071468
1710594589.89779854,0.00733458,10945,0.00003950,0.00000000,0,0.00000000,792,792,8,0.00036955
1710594589.99785995,0.00731652,10982,0.00004095,0.00000000,0,0.00000000,792,795,10,0.00077545
1710594590.09780955,0.00800998,11104,0.00005130,0.00000000,0,0.00000000,795,803,12,0.00064179
1710594590.19779778,0.00679185,11056,0.00006450,0.00000000,0,0.00000000,803,795,20,0.00077883
1710594590.29787660,0.00759466,11054,0.00010620,0.00000000,0,0.00000000,795,766,9,0.00052920
1710594590.39780307,0.00793181,11024,0.00002419,0.00000000,0,0.00000000,766,774,8,0.00063732
1710594590.49773526,0.00635075,11023,0.00001911,0.00000000,0,0.00000000,774,778,8,0.00075944
1710594590.59790158,0.00355629,11031,0.00000550,0.00000000,0,0.00000000,778,779,4,0.00069776
1710594590.69782972,0.00664810,11002,0.00001340,0.00000000,0,0.00000000,779,780,5,0.00073355
1710594590.79773188,0.00736587,10982,0.00006052,0.00000000,0,0.00000000,780,775,9,0.00083781
1710594590.89788461,0.00759533,11025,0.00001409,0.00000000,0,0.00000000,775,778,5,0.00070393
1710594590.99783492,0.00592642,10914,0.00001663,0.00000000,0,0.00000000,778,778,8,0.00047334
1710594591.09775305,0.00709395,10839,0.00002799,0.00000000,0,0.00000000,778,787,11,0.00067816
1710594591.19777870,0.00741392,11149,0.00001392,0.00000000,0,0.00000000,787,789,3,0.00078142
1710594591.29791021,0.00698121,10964,0.00001251,0.00000000,0,0.00000000,789,791,5,0.00065146
1710594591.39777946,0.00715267,11115,0.00003397,0.00000000,0,0.00000000,791,785,3,0.00060454
1710594591.49786615,0.00636836,11079,0.00002422,0.00000000,0,0.00000000,785,782,10,0.00064611
1710594591.59785295,0.00718392,10864,0.00005002,0.00000000,0,0.00000000,782,790,14,0.00075580
1710594591.69778275,0.00697351,11147,0.00005102,0.00000000,0,0.00000000,790,795,11,0.00054459
1710594591.79787064,0.00620419,11065,0.00001531,0.00000000,0,0.00000000,795,790,6,0.00068018
1710594591.89785743,0.00400625,10796,0.00000952,0.00000000,0,0.00000000,790,792,3,0.00071149
1710594591.99794865,0.00401080,11117,0.00003405,0.00000000,0,0.00000000,792,790,9,0.00076694
1710594592.09773588,0.00585235,10957,0.00002466,0.00000000,0,0.00000000,790,784,4,0.00078738
1710594592.19792151,0.00673760,10908,0.00004125,0.00000000,0,0.00000000,784,792,11,0.00053975
1710594592.29779530,0.00749394,11127,0.00006395,0.00000000,0,0.00000000,792,778,7,0.00030452
1710594592.39774919,0.00722005,11127,0.00000863,0.00000000,0,0.00000000,778,779,3,0.00026129
1710594592.49786520,0.00666354,11014,0.00003078,0.00000000,0,0.00000000,779,792,14,0.00050648
1710594592.59778500,0.00737316,11105,0.00006534,0.00000000,0,0.00000000,792,790,11,0.00083141
1710594592.69777703,0.00660050,11036,0.00002223,0.00000000,0,0.00000000,790,795,6,0.00057986
1710594592.79794121,0.00689710,11135,0.00001311,0.00000000,0,0.00000000,795,798,3,0.00055731
1710594592.89778781,0.00891519,11106,0.00001871,0.00000000,0,0.00000000,798,800,5,0.00072716
1710594592.99779415,0.00684840,10904,0.00003232,0.00000000,0,0.00000000,800,809,11,0.00053628
1710594593.09788036,0.00657456,11071,0.00000762,0.00000000,0,0.00000000,809,812,3,0.00051517
1710594593.19779229,0.00728472,11086,0.00003762,0.00000000,0,0.00000000,812,816,10,0.00055363
1710594593.29798579,0.00624729,11088,0.00011051,0.00000000,0,0.00000000,816,753,13,0.00065330
1710594593.39795709,0.00715140,11122,0.00002697,0.00000000,0,0.00000000,753,759,7,0.00072159
1710594593.49782038,0.00703711,11027,0.00002023,0.00000000,0,0.00000000,759,759,3,0.00053683
1710594593.59799862,0.00704602,11148,0.00001296,0.00000000,0,0.00000000,759,762,5,0.00083548
1710594593.69792414,0.00722486,11167,0.00003411,0.00000000,0,0.00000000,762,763,5,0.00073178
1710594593.79779935,0.00701478,10920,0.00001262,0.00000000,0,0.00000000,763,766,5,0.00074147
1710594593.89799833,0.00729910,11214,0.00002660,0.00000000,0,0.00000000,766,766,7,0.00071233
1710594593.99788499,0.00711209,11201,0.00002148,0.00000000,0,0.00000000,766,774,10,0.00055045
1710594594.09783888,0.00666684,11008,0.00001599,0.00000000,0,0.00000000,774,779,8,0.00068902
1710594594.19798684,0.00776879,11202,0.00003869,0.00000000,0,0.00000000,779,781,6,0.00072931
1710594594.29797149,0.00666751,11068,0.00001065,0.00000000,0,0.00000000,781,786,7,0.00065560
1710594594.39785624,0.00766301,11127,0.00001434,0.00000000,0,0.00000000,786,789,4,0.00071958
1710594594.49780750,0.00639092,11353,0.00001809,0.00000000,0,0.00000000,789,787,6,0.00070489
1710594594.59796619,0.00802410,11073,0.00001167,0.00000000,0,0.00000000,787,789,3,0.00070255
1710594594.69784403,0.00654381,11227,0.00001788,0.00000000,0,0.00000000,789,795,7,0.00083072
1710594594.79790020,0.00801817,11230,0.00002716,0.00000000,0,0.00000000,795,796,4,0.00072708
1710594594.89793634,0.00907927,11002,0.00002271,0.00000000,0,0.00000000,796,798,3,0.00061266
1710594594.99783659,0.00710250,11243,0.00003849,0.00000000,0,0.00000000,798,798,8,0.00076262
1710594595.09782219,0.00594880,11091,0.00001759,0.00000000,0,0.00000000,798,804,8,0.00096500
1710594595.19794679,0.00656442,11116,0.00004242,0.00000000,0,0.00000000,804,782,5,0.00073633
1710594595.29786229,0.00725804,11384,0.00002487,0.00000000,0,0.00000000,782,782,5,0.00069189
1710594595.39798117,0.00760703,11076,0.00001989,0.00000000,0,0.00000000,782,787,7,0.00054245
1710594595.49796128,0.00739377,11173,0.00000878,0.00000000,0,0.00000000,787,788,2,0.00063242
1710594595.59797096,0.00760294,11268,0.00003535,0.00000000,0,0.00000000,788,788,6,0.00082732
1710594595.69786119,0.00825568,11028,0.00002388,0.00000000,0,0.00000000,788,792,6,0.00068527
1710594595.79794669,0.00728949,11124,0.00001882,0.00000000,0,0.00000000,792,796,5,0.00056889
1710594595.89795423,0.00778194,11195,0.00001837,0.00000000,0,0.00000000,796,800,5,0.00071793
1710594595.99801660,0.00709225,10901,0.00000345,0.00000000,0,0.00000000,800,801,2,0.00083907
1710594596.09792876,0.00702097,11184,0.00003154,0.00000000,0,0.00000000,801,805,9,0.00081585
1710594596.19791269,0.00744562,10997,0.00003286,0.00000000,0,0.00000000,805,804,6,0.00069131
1710594596.29790139,0.00742835,10975,0.00002247,0.00000000,0,0.00000000,804,809,7,0.00061128
1710594596.39794755,0.00697148,11221,0.00005007,0.00000000,0,0.00000000,809,812,8,0.00076373
1710594596.49791217,0.00697598,11074,0.00003795,0.00000000,0,0.00000000,812,822,13,0.00089054
1710594596.59793234,0.00778872,10944,0.00004952,0.00000000,0,0.00000000,822,820,9,0.00053821
1710594596.69798326,0.00466607,11142,0.00001354,0.00000000,0,0.00000000,820,822,7,0.00068058
1710594596.79789162,0.00664526,10904,0.00000556,0.00000000,0,0.00000000,822,823,3,0.00069838
1710594596.89804029,0.00735140,11085,0.00002095,0.00000000,0,0.00000000,823,827,7,0.00080631
1710594596.99794817,0.00681321,11063,0.00002463,0.00000000,0,0.00000000,827,825,7,0.00072854
1710594597.09790111,0.00833315,10986,0.00052337,0.00000000,0,0.00000000,825,650,10,0.00073101
1710594597.19786286,0.00813742,11123,0.00002060,0.00000000,0,0.00000000,650,653,4,0.00069211
1710594597.29798007,0.00646693,11021,0.00002385,0.00000000,0,0.00000000,653,663,11,0.00063340
1710594597.39789510,0.00645259,10905,0.00001038,0.00000000,0,0.00000000,663,669,7,0.00068650
1710594597.49786210,0.00738920,11133,0.00001750,0.00000000,0,0.00000000,669,673,6,0.00056276
1710594597.59800506,0.00771799,10971,0.00000043,0.00000000,0,0.00000000,673,673,0,0.00053868
1710594597.69791079,0.00644219,10949,0.00001850,0.00000000,0,0.00000000,673,677,7,0.00071916
1710594597.79804373,0.00773095,11013,0.00001827,0.00000000,0,0.00000000,677,680,5,0.00054527
1710594597.89800501,0.00709930,10872,0.00002638,0.00000000,0,0.00000000,680,686,7,0.00074211
1710594597.99791408,0.00618008,10855,0.00001113,0.00000000,0,0.00000000,686,690,4,0.00070313
1710594598.09788823,0.00675155,11144,0.00001614,0.00000000,0,0.00000000,690,694,5,0.00054738
1710594598.19801903,0.00775834,10910,0.00001648,0.00000000,0,0.00000000,694,697,4,0.00068418
1710594598.29793215,0.00667241,11089,0.00002943,0.00000000,0,0.00000000,697,700,5,0.00052592
1710594598.39804077,0.00757472,10969,0.00002331,0.00000000,0,0.00000000,700,706,6,0.00079498
1710594598.49801898,0.00754732,10860,0.00001755,0.00000000,0,0.00000000,706,708,4,0.00055470
1710594598.59794116,0.00677230,11116,0.00001302,0.00000000,0,0.00000000,708,710,4,0.00078212
1710594598.69807029,0.00444322,10864,0.00000245,0.00000000,0,0.00000000,710,710,1,0.00082613
1710594598.79800415,0.00618976,10849,0.00000418,0.00000000,0,0.00000000,710,711,1,0.00066444
1710594598.89796114,0.00688820,11012,0.00002947,0.00000000,0,0.00000000,711,715,9,0.00072981
1710594598.99791241,0.00693788,10845,0.00000787,0.00000000,0,0.00000000,715,716,2,0.00064236
1710594599.09801602,0.00686042,11004,0.00001618,0.00000000,0,0.00000000,716,720,4,0.00034558
1710594599.19796681,0.00731623,11242,0.00002477,0.00000000,0,0.00000000,720,724,5,0.00054569
1710594599.29810476,0.00727840,10941,0.00001766,0.00000000,0,0.00000000,724,720,1,0.00058607
1710594599.39803505,0.00782778,11068,0.00001242,0.00000000,0,0.00000000,720,722,3,0.00052945
1710594599.49793553,0.00742636,11153,0.00002209,0.00000000,0,0.00000000,722,723,3,0.00054016
1710594599.59792161,0.00501485,10908,0.00000903,0.00000000,0,0.00000000,723,726,4,0.00065812
1710594599.69803262,0.00676768,11118,0.00003496,0.00000000,0,0.00000000,726,727,7,0.00069479
1710594599.79794645,0.00732696,11091,0.00003625,0.00000000,0,0.00000000,727,724,4,0.00072964
1710594599.89807200,0.00811196,10946,0.00001742,0.00000000,0,0.00000000,724,728,6,0.00064900
1710594599.99801350,0.00738770,11149,0.00003592,0.00000000,0,0.00000000,728,728,5,0.00047683
1710594600.09800577,0.00696472,10994,0.00001338,0.00000000,0,0.00000000,728,728,2,0.00058022
1710594600.19809914,0.00828565,11116,0.00003854,0.00000000,0,0.00000000,728,724,5,0.00058631
1710594600.29807734,0.00720773,11157,0.00001148,0.00000000,0,0.00000000,724,726,3,0.00065919
1710594600.39796734,0.05288280,10967,0.00000806,0.00000000,0,0.00000000,726,728,2,0.00054247
1710594600.49849772,0.00278457,11284,0.00000838,0.00000000,0,0.00000000,728,731,5,0.00062987
1710594600.59809780,0.00643581,11131,0.00000730,0.00000000,0,0.00000000,731,733,3,0.00069305
1710594600.69799376,0.00700207,10975,0.00000689,0.00000000,0,0.00000000,733,735,3,0.00055713
1710594600.79795551,0.00703700,11283,0.00002801,0.00000000,0,0.00000000,735,740,10,0.00026302
1710594600.89810467,0.00746897,11072,0.00001287,0.00000000,0,0.00000000,740,743,3,0.00021576
1710594600.99799132,0.00728822,11083,0.00002041,0.00000000,0,0.00000000,743,743,3,0.00072246
1710594601.09796095,0.00872691,11312,0.00001384,0.00000000,0,0.00000000,743,746,3,0.00073888
1710594601.19807887,0.00845832,11082,0.00001815,0.00000000,0,0.00000000,746,749,5,0.00067919
1710594601.29799628,0.00669216,11300,0.00000820,0.00000000,0,0.00000000,749,750,1,0.00050695
1710594601.39812207,0.00786076,11309,0.00002848,0.00000000,0,0.00000000,750,754,5,0.00066515
1710594601.49817967,0.00729263,11045,0.00001325,0.00000000,0,0.00000000,754,756,4,0.00100208
1710594601.59800577,0.00770709,11315,0.00004681,0.00000000,0,0.00000000,756,762,10,0.00065835
1710594601.69796634,0.00695344,11094,0.00001290,0.00000000,0,0.00000000,762,765,3,0.00053713
1710594601.79810762,0.00765591,11068,0.00001548,0.00000000,0,0.00000000,765,768,4,0.00064411
1710594601.89800167,0.00647917,11304,0.00000858,0.00000000,0,0.00000000,768,770,4,0.00054711
1710594601.99797678,0.00671071,11002,0.00000914,0.00000000,0,0.00000000,770,772,2,0.00059169
1710594602.09809566,0.00519783,11173,0.00001189,0.00000000,0,0.00000000,772,774,3,0.00079285
1710594602.19803357,0.00661311,11267,0.00000241,0.00000000,0,0.00000000,774,775,1,0.00056527
1710594602.29814434,0.00735445,11089,0.00001193,0.00000000,0,0.00000000,775,778,3,0.00063536
1710594602.39816999,0.00292469,11243,0.00000964,0.00000000,0,0.00000000,778,781,6,0.00059530
1710594602.49818420,0.00727210,11170,0.00000587,0.00000000,0,0.00000000,781,782,3,0.00054463
1710594602.59816241,0.00743435,10946,0.00000544,0.00000000,0,0.00000000,782,783,2,0.00054981
1710594602.69811249,0.00773383,11098,0.00001011,0.00000000,0,0.00000000,783,784,2,0.00060468
1710594602.79805636,0.00620590,11068,0.00000722,0.00000000,0,0.00000000,784,785,1,0.00046774
1710594602.89799976,0.00863690,10930,0.00004235,0.00000000,0,0.00000000,785,783,3,0.00052091
1710594602.99808979,0.00708098,11289,0.00001491,0.00000000,0,0.00000000,783,783,4,0.00060077
1710594603.09805608,0.00754908,10962,0.00001604,0.00000000,0,0.00000000,783,785,4,0.00076739
1710594603.19816613,0.00795912,11037,0.00001561,0.00000000,0,0.00000000,785,788,4,0.00077813
1710594603.29811668,0.00765446,11197,0.00001694,0.00000000,0,0.00000000,788,791,5,0.00060205
1710594603.39806652,0.00788563,10909,0.00000388,0.00000000,0,0.00000000,791,791,1,0.00071527
1710594603.49801111,0.00811919,11067,0.00001586,0.00000000,0,0.00000000,791,794,5,0.00069711
1710594603.59814000,0.00733471,11066,0.00003993,0.00000000,0,0.00000000,794,786,2,0.00076020
1710594603.69813037,0.00631893,10879,0.00001271,0.00000000,0,0.00000000,786,784,3,0.00076491
1710594603.79803085,0.00775285,11048,0.00001685,0.00000000,0,0.00000000,784,787,3,0.00066585
1710594603.89814496,0.00683297,11050,0.00000918,0.00000000,0,0.00000000,787,790,3,0.00080696
1710594603.99816608,0.00635871,11044,0.00001118,0.00000000,0,0.00000000,790,790,2,0.00058195
1710594604.09819603,0.00795066,11033,0.00003578,0.00000000,0,0.00000000,790,791,7,0.00064022
1710594604.19815278,0.00785546,11000,0.00000835,0.00000000,0,0.00000000,791,791,3,0.00065191
1710594604.29805994,0.00792940,10912,0.00001848,0.00000000,0,0.00000000,791,795,5,0.00070682
1710594604.39804602,0.00699267,11072,0.00002009,0.00000000,0,0.00000000,795,799,6,0.00068777
1710594604.49828792,0.00715999,10971,0.00001093,0.00000000,0,0.00000000,799,801,3,0.00058463
1710594604.59806466,0.00733261,10984,0.00001164,0.00000000,0,0.00000000,801,803,4,0.00066881
1710594604.69825792,0.00692185,10963,0.00000794,0.00000000,0,0.00000000,803,804,2,0.00074446
1710594604.79817438,0.00777038,10822,0.00001782,0.00000000,0,0.00000000,804,807,5,0.00075436
1710594604.89808202,0.00681336,11154,0.00001803,0.00000000,0,0.00000000,807,807,3,0.00065232
1710594604.99819326,0.00721817,11053,0.00002464,0.00000000,0,0.00000000,807,807,5,0.00076898
1710594605.09817171,0.00628442,10877,0.00001612,0.00000000,0,0.00000000,807,807,5,0.00066669
1710594605.19809270,0.00712632,11127,0.00002220,0.00000000,0,0.00000000,807,806,5,0.00052321
1710594605.29820943,0.00686955,10949,0.00001350,0.00000000,0,0.00000000,806,803,3,0.00046745
1710594605.39820814,0.00731616,10904,0.00001254,0.00000000,0,0.00000000,803,805,3,0.00065685
1710594605.49810886,0.00767491,11108,0.00001242,0.00000000,0,0.00000000,805,807,4,0.00062857
1710594605.59822917,0.00532989,10879,0.00000738,0.00000000,0,0.00000000,807,810,3,0.00055107
1710594605.69815135,0.00702845,11040,0.00001598,0.00000000,0,0.00000000,810,813,3,0.00050058
1710594605.79813051,0.00622810,11107,0.00000535,0.00000000,0,0.00000000,813,814,3,0.00075542
1710594605.89806795,0.00640184,10919,0.00001896,0.00000000,0,0.00000000,814,809,3,0.00065285
1710594605.99815845,0.00805914,11078,0.00003305,0.00000000,0,0.00000000,809,809,6,0.00059977
1710594606.09812784,0.00375560,11132,0.00000985,0.00000000,0,0.00000000,809,811,4,0.00076833
1710594606.19818830,0.00699395,10967,0.00001425,0.00000000,0,0.00000000,811,815,6,0.00080894
1710594606.29820919,0.00646012,11037,0.00001466,0.00000000,0,0.00000000,815,819,5,0.00052691
1710594606.39811325,0.00823216,11058,0.00001772,0.00000000,0,0.00000000,819,822,4,0.00071611
1710594606.49810076,0.00748838,11058,0.00000050,0.00000000,0,0.00000000,822,822,0,0.00037398
1710594606.59819698,0.00782083,11062,0.00003941,0.00000000,0,0.00000000,822,819,6,0.00070651
1710594606.69810438,0.00698359,10927,0.00001438,0.00000000,0,0.00000000,819,822,3,0.00071361
1710594606.79826713,0.00673724,11066,0.00000184,0.00000000,0,0.00000000,822,822,1,0.00071893
1710594606.89823055,0.00832710,11107,0.00001653,0.00000000,0,0.00000000,822,819,2,0.00063626
1710594606.99810958,0.00825860,10986,0.00001356,0.00000000,0,0.00000000,819,821,3,0.00069489
1710594607.09825325,0.00761003,11166,0.00000826,0.00000000,0,0.00000000,821,823,2,0.00064658
1710594607.19824004,0.00658867,11133,0.00000388,0.00000000,0,0.00000000,823,823,3,0.00075798
1710594607.29815340,0.00696867,10948,0.00001969,0.00000000,0,0.00000000,823,822,2,0.00068934
1710594607.39809513,0.00827192,11293,0.00002125,0.00000000,0,0.00000000,822,823,5,0.00076793
1710594607.49826717,0.00783693,11047,0.00002033,0.00000000,0,0.00000000,823,827,5,0.00051253
1710594607.59815288,0.00638688,11240,0.00000171,0.00000000,0,0.00000000,827,827,1,0.00071964
1710594607.69827890,0.00824055,11208,0.00001182,0.00000000,0,0.00000000,827,828,3,0.00050156
1710594607.79825544,0.00646564,10953,0.00000820,0.00000000,0,0.00000000,828,830,3,0.00066209
1710594607.89816952,0.00729638,11214,0.00001023,0.00000000,0,0.00000000,830,832,3,0.00073799
1710594607.99828792,0.00881081,11182,0.00001409,0.00000000,0,0.00000000,832,834,3,0.00058866
1710594608.09825730,0.00696572,11048,0.00001156,0.00000000,0,0.00000000,834,837,3,0.00069958
1710594608.19818187,0.00674632,11308,0.00000754,0.00000000,0,0.00000000,837,839,2,0.00073786
1710594608.29828644,0.00765972,11120,0.00000923,0.00000000,0,0.00000000,839,841,2,0.00063979
1710594608.39829183,0.00784515,11052,0.00001134,0.00000000,0,0.00000000,841,842,3,0.00076498
1710594608.49817252,0.00652063,11313,0.00000278,0.00000000,0,0.00000000,842,842,2,0.00074751
1710594608.59830308,0.00720675,11059,0.00000292,0.00000000,0,0.00000000,842,842,1,0.00070235
1710594608.69836283,0.00820709,11177,0.00002754,0.00000000,0,0.00000000,842,845,6,0.00066431
1710594608.79819250,0.00377833,11207,0.00000840,0.00000000,0,0.00000000,845,847,4,0.00072399
1710594608.89814401,0.00450012,10957,0.00000066,0.00000000,0,0.00000000,847,847,0,0.00073930
1710594608.99821782,0.00756300,11246,0.00000665,0.00000000,0,0.00000000,847,848,2,0.00058643
1710594609.09821439,0.00586983,11198,0.00000943,0.00000000,0,0.00000000,848,845,2,0.00068995
1710594609.19832110,0.00851436,11127,0.00002497,0.00000000,0,0.00000000,845,849,5,0.00025865
1710594609.29830170,0.00731391,11314,0.00002116,0.00000000,0,0.00000000,849,852,5,0.00047950
1710594609.39824128,0.00726299,11071,0.00001248,0.00000000,0,0.00000000,852,850,5,0.00057588
1710594609.49832273,0.00707403,11061,0.00006034,0.00000000,0,0.00000000,850,826,4,0.00053346
1710594609.59827518,0.00677605,11230,0.00000822,0.00000000,0,0.00000000,826,828,3,0.00070459
1710594609.69821787,0.00753515,10930,0.00000969,0.00000000,0,0.00000000,828,829,3,0.00069316
1710594609.79846692,0.00642190,11140,0.00001036,0.00000000,0,0.00000000,829,833,4,0.00062986
1710594609.89824176,0.00790784,11178,0.00000266,0.00000000,0,0.00000000,833,833,1,0.00062935
1710594609.99821854,0.00656029,10931,0.00000887,0.00000000,0,0.00000000,833,835,4,0.00058212
1710594610.09834337,0.00809113,11148,0.00000959,0.00000000,0,0.00000000,835,836,2,0.00056141
1710594610.19829583,0.00806861,11112,0.00000599,0.00000000,0,0.00000000,836,836,3,0.00095536
1710594610.29823995,0.00725866,10899,0.00000296,0.00000000,0,0.00000000,836,836,1,0.00062630
1710594610.39832211,0.00694707,11144,0.00001762,0.00000000,0,0.00000000,836,840,5,0.00079322
1710594610.49829292,0.00683056,10926,0.00001531,0.00000000,0,0.00000000,840,843,5,0.00060732
1710594610.59822869,0.00880951,10911,0.00000602,0.00000000,0,0.00000000,843,844,1,0.00061251
1710594610.69818473,0.00842432,11104,0.00001284,0.00000000,0,0.00000000,844,846,3,0.00061238
1710594610.79829550,0.00732028,10963,0.00001738,0.00000000,0,0.00000000,846,846,5,0.00062304
1710594610.89824009,0.00505798,11046,0.00000677,0.00000000,0,0.00000000,846,847,2,0.00063083
1710594610.99835777,0.00815966,11122,0.00001308,0.00000000,0,0.00000000,847,849,3,0.00075267
1710594611.09830046,0.00656924,10982,0.00006789,0.00000000,0,0.00000000,849,827,6,0.00071960
1710594611.19821906,0.00779003,11129,0.00000359,0.00000000,0,0.00000000,827,827,1,0.00083104
1710594611.29843521,0.00850613,10922,0.00005772,0.00000000,0,0.00000000,827,812,6,0.00064369
1710594611.39844179,0.00721152,10825,0.00001626,0.00000000,0,0.00000000,812,815,6,0.00071966
1710594611.49823880,0.00779679,11106,0.00002017,0.00000000,0,0.00000000,815,809,3,0.00067775
1710594611.59837508,0.00689192,11029,0.00001774,0.00000000,0,0.00000000,809,812,3,0.00083434
1710594611.69833493,0.00695634,10830,0.00001601,0.00000000,0,0.00000000,812,815,5,0.00070714
1710594611.79824209,0.00566781,11099,0.00000777,0.00000000,0,0.00000000,815,818,4,0.00055040
1710594611.89838767,0.00848968,11013,0.00004841,0.00000000,0,0.00000000,818,815,4,0.00073577
1710594611.99832225,0.00673200,10928,0.00001251,0.00000000,0,0.00000000,815,818,3,0.00061835
1710594612.09827018,0.00590554,11091,0.00000860,0.00000000,0,0.00000000,818,820,3,0.00060897
1710594612.19836974,0.00801226,10873,0.00002825,0.00000000,0,0.00000000,820,821,4,0.00058761
1710594612.29842186,0.00666506,11028,0.00003112,0.00000000,0,0.00000000,821,815,4,0.00066430
1710594612.39827728,0.00698392,11122,0.00001436,0.00000000,0,0.00000000,815,818,4,0.00053863
1710594612.49838090,0.00777820,10861,0.00000112,0.00000000,0,0.00000000,818,818,0,0.00066971
1710594612.59835339,0.00646017,11113,0.00000522,0.00000000,0,0.00000000,818,820,2,0.00093742
1710594612.69829249,0.00740274,11003,0.00001127,0.00000000,0,0.00000000,820,821,4,0.00063906
1710594612.79822898,0.00743448,10890,0.00005412,0.00000000,0,0.00000000,821,825,11,0.00077007
1710594612.89833498,0.00768577,11159,0.00003980,0.00000000,0,0.00000000,825,821,2,0.00067939
1710594612.99835801,0.00686225,11039,0.00002707,0.00000000,0,0.00000000,821,828,7,0.00055286
1710594613.09823132,0.00769956,11018,0.00000788,0.00000000,0,0.00000000,828,829,2,0.00055872
1710594613.19837356,0.00751228,11059,0.00003651,0.00000000,0,0.00000000,829,834,6,0.00085945
1710594613.29831672,0.00769983,10927,0.00001443,0.00000000,0,0.00000000,834,835,2,0.00054090
1710594613.39832568,0.00720450,11151,0.00000874,0.00000000,0,0.00000000,835,837,2,0.00060980
1710594613.49835467,0.00699083,11104,0.00001969,0.00000000,0,0.00000000,837,839,4,0.00054770
1710594613.59828091,0.00617727,10878,0.00000222,0.00000000,0,0.00000000,839,839,2,0.00056797
1710594613.69843841,0.00738761,11071,0.00001818,0.00000000,0,0.00000000,839,842,4,0.00062677
1710594613.79845476,0.00686567,11057,0.00001107,0.00000000,0,0.00000000,842,845,4,0.00059143
1710594613.89829230,0.00714024,11054,0.00001639,0.00000000,0,0.00000000,845,835,2,0.00067830
1710594613.99841595,0.00882141,11159,0.00001283,0.00000000,0,0.00000000,835,837,4,0.00064270
1710594614.09836960,0.00636659,11034,0.00001715,0.00000000,0,0.00000000,837,837,8,0.00070441
1710594614.19836497,0.00620184,11161,0.00001079,0.00000000,0,0.00000000,837,837,3,0.00078599
1710594614.29842401,0.00683945,11268,0.00004527,0.00000000,0,0.00000000,837,833,8,0.00067359
1710594614.39849496,0.00665003,10981,0.00000342,0.00000000,0,0.00000000,833,833,2,0.00041256
1710594614.49837995,0.00684279,11199,0.00001373,0.00000000,0,0.00000000,833,835,6,0.00067784
1710594614.59851766,0.00697518,11209,0.00001228,0.00000000,0,0.00000000,835,837,4,0.00076053
1710594614.69841290,0.00677656,11005,0.00001326,0.00000000,0,0.00000000,837,839,3,0.00055420
1710594614.79832482,0.00688830,11256,0.00001122,0.00000000,0,0.00000000,839,841,3,0.00083059
1710594614.89828634,0.00771435,11157,0.00001809,0.00000000,0,0.00000000,841,842,3,0.00071739
1710594614.99836993,0.00691537,11146,0.00002935,0.00000000,0,0.00000000,842,825,1,0.00060022
1710594615.09833813,0.00620724,11417,0.00002433,0.00000000,0,0.00000000,825,822,7,0.00056730
1710594615.19850731,0.00764337,11089,0.00001116,0.00000000,0,0.00000000,822,823,4,0.00061087
1710594615.29844594,0.00635796,11259,0.00001515,0.00000000,0,0.00000000,823,809,4,0.00054642
1710594615.39835739,0.00737458,11254,0.00000803,0.00000000,0,0.00000000,809,810,2,0.00073321
1710594615.49847269,0.00751631,10992,0.00001408,0.00000000,0,0.00000000,810,813,3,0.00080060
1710594615.59843779,0.00622692,11191,0.00000693,0.00000000,0,0.00000000,813,815,3,0.00072893
1710594615.69833040,0.00737946,11090,0.00002943,0.00000000,0,0.00000000,815,809,2,0.00055233
1710594615.79830289,0.00599159,11091,0.00000901,0.00000000,0,0.00000000,809,812,3,0.00079068
1710594615.89846396,0.00788226,11276,0.00000828,0.00000000,0,0.00000000,812,813,2,0.00054043
1710594615.99835753,0.00629934,11064,0.00000503,0.00000000,0,0.00000000,813,814,1,0.00072607
1710594616.09845829,0.00517899,11241,0.00000035,0.00000000,0,0.00000000,814,814,0,0.00071239
1710594616.19845343,0.00677910,11318,0.00004560,0.00000000,0,0.00000000,814,802,5,0.00076071
1710594616.29839945,0.00596126,11006,0.00000312,0.00000000,0,0.00000000,802,802,3,0.00065955
1710594616.39851999,0.00632620,11150,0.00001310,0.00000000,0,0.00000000,802,801,8,0.00063534
1710594616.49843097,0.00619502,11127,0.00001595,0.00000000,0,0.00000000,801,801,7,0.00061483
1710594616.59842706,0.00678626,10885,0.00000048,0.00000000,0,0.00000000,801,801,0,0.00077158
1710594616.69834256,0.00700109,11247,0.00002995,0.00000000,0,0.00000000,801,804,7,0.00102428
1710594616.79846573,0.00608972,11124,0.00000366,0.00000000,0,0.00000000,804,805,1,0.00072798
1710594616.89839792,0.00621848,10986,0.00000614,0.00000000,0,0.00000000,805,806,2,0.00070279
1710594616.99854040,0.00797670,11237,0.00002663,0.00000000,0,0.00000000,806,808,4,0.00056718
1710594617.09845710,0.00800910,11064,0.00000734,0.00000000,0,0.00000000,808,810,3,0.00055418
1710594617.19839430,0.00472969,10901,0.00001861,0.00000000,0,0.00000000,810,812,6,0.00055490
1710594617.29844403,0.00781533,11189,0.00000538,0.00000000,0,0.00000000,812,812,3,0.00062990
1710594617.39845157,0.00686377,11012,0.00003181,0.00000000,0,0.00000000,812,811,7,0.00114307
1710594617.49839616,0.00624671,10878,0.00002461,0.00000000,0,0.00000000,811,814,8,0.00056637
1710594617.59834743,0.00673679,11049,0.00001645,0.00000000,0,0.00000000,814,815,4,0.00029381
1710594617.69847870,0.00695724,10963,0.00001395,0.00000000,0,0.00000000,815,815,3,0.00058290
1710594617.79847884,0.00625719,10961,0.00001367,0.00000000,0,0.00000000,815,816,3,0.00060802
1710594617.89834046,0.00699812,11094,0.00000704,0.00000000,0,0.00000000,816,817,2,0.00070393
1710594617.99847794,0.00689942,10918,0.00003318,0.00000000,0,0.00000000,817,816,8,0.00072274
1710594618.09845519,0.00737953,10971,0.00004064,0.00000000,0,0.00000000,816,818,5,0.00072570
1710594618.19840217,0.00643831,11047,0.00000254,0.00000000,0,0.00000000,818,818,2,0.00076560
1710594618.29865932,0.00732450,10836,0.00005661,0.00000000,0,0.00000000,818,803,4,0.00061103
1710594618.39845085,0.00626187,11022,0.00001563,0.00000000,0,0.00000000,803,808,7,0.00079980
1710594618.49853826,0.00733328,10921,0.00001238,0.00000000,0,0.00000000,808,810,3,0.00069703
1710594618.59849739,0.00724258,10867,0.00005770,0.00000000,0,0.00000000,810,809,7,0.00094035
1710594618.69846368,0.00694682,11053,0.00003247,0.00000000,0,0.00000000,809,804,5,0.00074971
1710594618.79867768,0.00608165,10863,0.00001932,0.00000000,0,0.00000000,804,812,8,0.00094170
1710594618.89852142,0.00715731,10875,0.00004619,0.00000000,0,0.00000000,812,807,7,0.00054680
1710594618.99841046,0.00695878,11144,0.00004725,0.00000000,0,0.00000000,807,808,8,0.00055007
1710594619.09854293,0.00632689,10887,0.00001308,0.00000000,0,0.00000000,808,812,6,0.00068201
1710594619.19853783,0.00755031,11006,0.00002240,0.00000000,0,0.00000000,812,816,6,0.00073076
1710594619.29844427,0.00583906,11098,0.00002643,0.00000000,0,0.00000000,816,799,6,0.00052225
1710594619.39854670,0.00654217,10805,0.00001214,0.00000000,0,0.00000000,799,802,4,0.00056042
1710594619.49844551,0.00686806,11067,0.00000459,0.00000000,0,0.00000000,802,803,1,0.00052502
1710594619.59845567,0.00647687,10990,0.00000558,0.00000000,0,0.00000000,803,804,2,0.00055955
1710594619.69836617,0.00715264,10824,0.00002871,0.00000000,0,0.00000000,804,804,4,0.00055218
1710594619.79850602,0.00605478,11144,0.00001420,0.00000000,0,0.00000000,804,801,4,0.00094573
1710594619.89853001,0.00775302,11134,0.00003954,0.00000000,0,0.00000000,801,804,9,0.00066400
1710594619.99840617,0.00633847,10983,0.00000602,0.00000000,0,0.00000000,804,805,1,0.00066264
1710594620.09863424,0.00850825,10988,0.00000518,0.00000000,0,0.00000000,805,805,1,0.00062989
1710594620.19842196,0.00733057,11076,0.00001604,0.00000000,0,0.00000000,805,807,5,0.00061995
1710594620.29857922,0.00673940,10952,0.00000554,0.00000000,0,0.00000000,807,808,2,0.00059983
1710594620.39858174,0.00700535,11086,0.00005339,0.00000000,0,0.00000000,808,802,5,0.00066780
1710594620.49843550,0.00659105,10872,0.00002504,0.00000000,0,0.00000000,802,806,5,0.00062072
1710594620.59840631,0.00680746,11147,0.00004084,0.00000000,0,0.00000000,806,811,12,0.00053416
1710594620.69855714,0.00736066,11084,0.00004726,0.00000000,0,0.00000000,811,802,10,0.00084722
1710594620.79846430,0.00628151,10968,0.00000591,0.00000000,0,0.00000000,802,805,3,0.00066101
1710594620.89858603,0.00701414,11113,0.00002499,0.00000000,0,0.00000000,805,808,8,0.00055790
1710594620.99853754,0.00713713,11125,0.00003456,0.00000000,0,0.00000000,808,810,7,0.00070907
1710594621.09846163,0.00686536,11178,0.00001084,0.00000000,0,0.00000000,810,810,4,0.00067576
1710594621.19859385,0.00668558,11283,0.00001290,0.00000000,0,0.00000000,810,809,4,0.00057743
1710594621.29856658,0.00586460,10954,0.00001181,0.00000000,0,0.00000000,809,813,7,0.00068510
1710594621.39847827,0.00693288,11191,0.00006217,0.00000000,0,0.00000000,813,805,11,0.00059170
1710594621.49842763,0.00690966,11265,0.00000255,0.00000000,0,0.00000000,805,805,1,0.00076593
1710594621.59858942,0.00689339,10978,0.00000699,0.00000000,0,0.00000000,805,806,1,0.00078543
1710594621.69848633,0.00754590,11195,0.00004838,0.00000000,0,0.00000000,806,805,6,0.00068496
1710594621.79859781,0.00599813,11175,0.00000838,0.00000000,0,0.00000000,805,807,2,0.00060570
1710594621.89855099,0.01041684,11108,0.00001863,0.00000000,0,0.00000000,807,807,6,0.00062269
1710594621.99848580,0.00776860,11389,0.00002246,0.00000000,0,0.00000000,807,808,6,0.00055756
1710594622.09860349,0.00507640,11115,0.00000048,0.00000000,0,0.00000000,808,808,0,0.00068404
1710594622.19865441,0.00688947,11111,0.00001311,0.00000000,0,0.00000000,808,810,3,0.00059222
1710594622.29850459,0.00691151,11359,0.00002569,0.00000000,0,0.00000000,810,809,5,0.00069182
1710594622.39862323,0.00651481,11020,0.00000169,0.00000000,0,0.00000000,809,809,1,0.00058771
1710594622.49860573,0.00710070,11200,0.00000770,0.00000000,0,0.00000000,809,811,3,0.00040245
1710594622.59852529,0.00784331,11215,0.00001908,0.00000000,0,0.00000000,811,814,6,0.00056008
1710594622.69843936,0.00735432,11022,0.00001907,0.00000000,0,0.00000000,814,817,6,0.00062371
1710594622.79860640,0.00683726,11246,0.00000454,0.00000000,0,0.00000000,817,818,2,0.00078371
1710594622.89854050,0.00890467,11121,0.00000639,0.00000000,0,0.00000000,818,818,3,0.00073375
1710594622.99839711,0.00348277,11037,0.00002128,0.00000000,0,0.00000000,818,824,10,0.00069977
1710594623.09862494,0.00705911,11295,0.00001015,0.00000000,0,0.00000000,824,826,4,0.00060409
1710594623.19854021,0.00870246,11147,0.00000840,0.00000000,0,0.00000000,826,827,3,0.00066269
1710594623.29864764,0.00775859,11012,0.00002614,0.00000000,0,0.00000000,827,828,5,0.00063137
1710594623.39859867,0.00698143,11191,0.00000628,0.00000000,0,0.00000000,828,829,2,0.00024221
1710594623.49855089,0.00706662,10943,0.00001181,0.00000000,0,0.00000000,829,830,2,0.00073284
1710594623.59847307,0.00574912,11117,0.00000471,0.00000000,0,0.00000000,830,832,3,0.00077661
1710594623.69854593,0.00642834,11195,0.00001490,0.00000000,0,0.00000000,832,831,5,0.00073925
1710594623.79856396,0.00819910,10892,0.00003389,0.00000000,0,0.00000000,831,829,4,0.00056747
1710594623.89843559,0.00822998,11183,0.00001628,0.00000000,0,0.00000000,829,831,4,0.00073701
1710594623.99858809,0.00496930,11124,0.00000852,0.00000000,0,0.00000000,831,834,5,0.00056640
1710594624.09854293,0.00655202,10873,0.00002573,0.00000000,0,0.00000000,834,829,5,0.00056517
1710594624.19853449,0.00724285,11187,0.00001777,0.00000000,0,0.00000000,829,832,5,0.00081764
1710594624.29860735,0.00711773,11012,0.00000400,0.00000000,0,0.00000000,832,833,1,0.00072371
1710594624.39856339,0.00790337,10939,0.00009158,0.00000000,0,0.00000000,833,819,9,0.00077493
1710594624.49847841,0.00604141,11074,0.00001822,0.00000000,0,0.00000000,819,813,10,0.00062228
1710594624.59864044,0.00691873,11041,0.00001078,0.00000000,0,0.00000000,813,815,4,0.00056367
1710594624.69869590,0.00645369,10953,0.00004064,0.00000000,0,0.00000000,815,816,11,0.00069426
1710594624.79860735,0.00748852,11212,0.00005784,0.00000000,0,0.00000000,816,801,7,0.00061764
1710594624.89861822,0.00850386,10988,0.00001168,0.00000000,0,0.00000000,801,803,2,0.00055002
1710594624.99853969,0.00669834,10959,0.00000321,0.00000000,0,0.00000000,803,803,3,0.00057819
1710594625.09851766,0.00663147,11090,0.00000697,0.00000000,0,0.00000000,803,805,2,0.00079164
1710594625.19876051,0.00744589,10888,0.00001280,0.00000000,0,0.00000000,805,806,3,0.00087374
1710594625.29862761,0.00750336,10989,0.00001463,0.00000000,0,0.00000000,806,809,6,0.00068107
1710594625.39847684,0.00682267,11165,0.00000153,0.00000000,0,0.00000000,809,809,1,0.00105493
1710594625.49866605,0.00730522,10864,0.00001106,0.00000000,0,0.00000000,809,811,3,0.00077570
1710594625.59843206,0.00353975,10986,0.00000593,0.00000000,0,0.00000000,811,812,2,0.00058093
1710594625.69850850,0.00298221,11123,0.00001952,0.00000000,0,0.00000000,812,817,9,0.00080926
1710594625.79867220,0.00634711,10915,0.00000752,0.00000000,0,0.00000000,817,820,4,0.00069805
1710594625.89858246,0.00731999,11128,0.00001594,0.00000000,0,0.00000000,820,825,6,0.00085491
1710594625.99845815,0.00629798,10983,0.00001372,0.00000000,0,0.00000000,825,828,8,0.00029415
1710594626.09867859,0.00774589,10919,0.00001371,0.00000000,0,0.00000000,828,830,2,0.00022014
1710594626.19860840,0.00762821,11068,0.00001457,0.00000000,0,0.00000000,830,833,6,0.00057695
1710594626.29868579,0.00707071,10947,0.00000827,0.00000000,0,0.00000000,833,835,6,0.00067207
1710594626.39878535,0.00670021,11021,0.00000204,0.00000000,0,0.00000000,835,835,2,0.00056022
1710594626.49863029,0.00734253,11026,0.00001845,0.00000000,0,0.00000000,835,838,3,0.00055512
1710594626.59850836,0.00745174,10813,0.00001399,0.00000000,0,0.00000000,838,840,3,0.00058117
1710594626.69858980,0.00644563,11139,0.00000757,0.00000000,0,0.00000000,840,842,4,0.00083351
1710594626.79877663,0.00663994,11142,0.00002127,0.00000000,0,0.00000000,842,843,6,0.00094686
1710594626.89854288,0.00762797,10887,0.00001357,0.00000000,0,0.00000000,843,837,2,0.00056109
1710594626.99846101,0.00854897,11098,0.00000253,0.00000000,0,0.00000000,837,837,1,0.00081581
1710594627.09857750,0.00609044,11069,0.00000697,0.00000000,0,0.00000000,837,839,2,0.00080451
1710594627.19854903,0.00693199,11039,0.00001318,0.00000000,0,0.00000000,839,841,2,0.00084408
1710594627.29846597,0.00709487,11199,0.00007108,0.00000000,0,0.00000000,841,828,10,0.00071065
1710594627.39862585,0.00725309,10955,0.00001881,0.00000000,0,0.00000000,828,832,5,0.00077254
1710594627.49856830,0.00764008,11081,0.00004727,0.00000000,0,0.00000000,832,829,8,0.00057828
1710594627.59870028,0.00669498,11067,0.00004613,0.00000000,0,0.00000000,829,819,6,0.00061561
1710594627.69863129,0.00766912,10840,0.00002876,0.00000000,0,0.00000000,819,824,7,0.00055885
1710594627.79856491,0.00747979,11111,0.00001739,0.00000000,0,0.00000000,824,822,5,0.00056107
1710594627.89848900,0.00740587,11189,0.00000270,0.00000000,0,0.00000000,822,822,1,0.00070609
1710594627.99861455,0.00700701,10871,0.00000560,0.00000000,0,0.00000000,822,822,3,0.00055450
1710594628.09853268,0.00576240,11259,0.00001304,0.00000000,0,0.00000000,822,826,5,0.00066209
1710594628.19876575,0.00688737,11048,0.00001443,0.00000000,0,0.00000000,826,829,4,0.00065507
1710594628.29865122,0.00795524,11184,0.00006757,0.00000000,0,0.00000000,829,822,4,0.00053269
1710594628.39855790,0.00788216,11251,0.00003545,0.00000000,0,0.00000000,822,824,7,0.00087208
1710594628.49874282,0.00659598,10916,0.00000613,0.00000000,0,0.00000000,824,825,1,0.00078034
1710594628.59866357,0.00641354,11222,0.00000849,0.00000000,0,0.00000000,825,827,4,0.00060090
1710594628.69858432,0.00662034,11199,0.00002591,0.00000000,0,0.00000000,827,828,4,0.00079503
1710594628.79849982,0.00664317,11059,0.00001067,0.00000000,0,0.00000000,828,831,3,0.00072853
1710594628.89868808,0.00711419,11320,0.00001412,0.00000000,0,0.00000000,831,834,5,0.00076040
1710594628.99858284,0.00654687,11074,0.00002141,0.00000000,0,0.00000000,834,831,4,0.00074555
1710594629.09855795,0.00677979,11229,0.00000453,0.00000000,0,0.00000000,831,832,2,0.00053524
1710594629.19869280,0.00613005,11272,0.00001387,0.00000000,0,0.00000000,832,834,4,0.00072357
1710594629.29859734,0.00256120,11039,0.00001159,0.00000000,0,0.00000000,834,839,7,0.00053772
1710594629.39850712,0.00735111,11227,0.00000649,0.00000000,0,0.00000000,839,840,2,0.00092385
1710594629.49843574,0.00741054,11101,0.00003869,0.00000000,0,0.00000000,840,843,8,0.00060647
1710594629.59860229,0.00702473,11003,0.00000714,0.00000000,0,0.00000000,843,845,3,0.00063821
1710594629.69850254,0.00777318,11241,0.00002566,0.00000000,0,0.00000000,845,843,4,0.00018892
1710594629.79856968,0.00787588,11211,0.00004972,0.00000000,0,0.00000000,843,833,7,0.00054799
1710594629.89855003,0.00739991,11026,0.00001166,0.00000000,0,0.00000000,833,835,3,0.00057845
1710594629.99855351,0.00636412,11447,0.00003564,0.00000000,0,0.00000000,835,824,10,0.00069886
1710594630.09879088,0.00734933,10975,0.00003812,0.00000000,0,0.00000000,824,826,9,0.00082290
1710594630.19858479,0.00690906,11072,0.00000637,0.00000000,0,0.00000000,826,827,2,0.00071067
1710594630.29853106,0.00642721,11233,0.00002648,0.00000000,0,0.00000000,827,819,7,0.00063679
1710594630.39871407,0.00584062,10837,0.00000717,0.00000000,0,0.00000000,819,821,3,0.00060154
1710594630.49862719,0.00609823,11035,0.00000730,0.00000000,0,0.00000000,821,823,4,0.00053104
1710594630.59848762,0.00670887,11185,0.00000867,0.00000000,0,0.00000000,823,825,3,0.00087878
1710594630.69871926,0.00628669,10880,0.00001395,0.00000000,0,0.00000000,825,827,5,0.00064508
1710594630.79863548,0.00846766,11229,0.00001613,0.00000000,0,0.00000000,827,829,4,0.00054199
1710594630.89853215,0.00881053,11118,0.00006223,0.00000000,0,0.00000000,829,823,5,0.00077328
1710594630.99873495,0.00738338,10758,0.00001242,0.00000000,0,0.00000000,823,827,7,0.00070741
1710594631.09853172,0.00694477,11283,0.00002868,0.00000000,0,0.00000000,827,824,6,0.00074535
1710594631.19857097,0.00744265,10883,0.00001601,0.00000000,0,0.00000000,824,826,4,0.00083222
1710594631.29853201,0.00265996,11069,0.00001611,0.00000000,0,0.00000000,826,833,9,0.00059853
1710594631.39863205,0.00738178,11004,0.00000461,0.00000000,0,0.00000000,833,833,2,0.00084535
1710594631.49859428,0.00701992,10911,0.00002397,0.00000000,0,0.00000000,833,838,6,0.00081591
1710594631.59850836,0.00756345,11163,0.00001724,0.00000000,0,0.00000000,838,842,4,0.00077683
1710594631.69868541,0.00675105,11011,0.00001217,0.00000000,0,0.00000000,842,843,5,0.00032358
1710594631.79855776,0.00692359,11018,0.00003233,0.00000000,0,0.00000000,843,850,8,0.00054794
1710594631.89847016,0.00816253,11110,0.00003807,0.00000000,0,0.00000000,850,840,5,0.00079338
1710594631.99868774,0.00842883,10982,0.00002043,0.00000000,0,0.00000000,840,842,4,0.00101521
1710594632.09860778,0.00919695,10860,0.00003459,0.00000000,0,0.00000000,842,845,3,0.00055154
1710594632.19849420,0.00876522,11043,0.00001584,0.00000000,0,0.00000000,845,847,3,0.00079257
1710594632.29867935,0.00613874,11033,0.00000358,0.00000000,0,0.00000000,847,848,1,0.00050977
1710594632.39861012,0.00798071,10875,0.00000050,0.00000000,0,0.00000000,848,848,0,0.00079815
1710594632.49854112,0.00844621,11067,0.00002423,0.00000000,0,0.00000000,848,846,4,0.00069055
1710594632.59844685,0.01005817,10893,0.00000981,0.00000000,0,0.00000000,846,848,3,0.00090718
1710594632.69860721,0.00834296,11063,0.00003753,0.00000000,0,0.00000000,848,850,3,0.00059786
1710594632.79853535,0.00785957,11067,0.00001140,0.00000000,0,0.00000000,850,852,3,0.00076665
1710594632.89769244,0.00726547,10967,0.00001222,0.00000000,0,0.00000000,852,855,5,0.00100666
1710594632.99859357,0.00686578,11077,0.00000787,0.00000000,0,0.00000000,855,857,3,0.00113498
1710594633.09856057,0.00729335,11005,0.00001090,0.00000000,0,0.00000000,857,859,3,0.00087010
1710594633.19846010,0.00721535,10876,0.00002700,0.00000000,0,0.00000000,859,865,7,0.00066248
1710594633.29862666,0.00675933,11061,0.00003774,0.00000000,0,0.00000000,865,866,7,0.00065984
1710594633.39857435,0.00712528,10962,0.00004474,0.00000000,0,0.00000000,866,857,5,0.00076266
1710594633.49849081,0.00710593,10958,0.00003522,0.00000000,0,0.00000000,857,864,8,0.00053827
1710594633.59860039,0.00682990,11053,0.00001470,0.00000000,0,0.00000000,864,861,5,0.00078765
1710594633.69854760,0.00725514,11025,0.00003393,0.00000000,0,0.00000000,861,863,7,0.00083680
1710594633.79848790,0.00755928,11101,0.00002572,0.00000000,0,0.00000000,863,864,4,0.00076258
1710594633.89864087,0.00900492,11127,0.00004212,0.00000000,0,0.00000000,864,856,5,0.00058936
1710594633.99852109,0.00485679,10984,0.00001248,0.00000000,0,0.00000000,856,858,5,0.00057599
1710594634.09871292,0.00414626,11100,0.00000604,0.00000000,0,0.00000000,858,859,1,0.00090082
1710594634.19870806,0.00833506,11099,0.00004289,0.00000000,0,0.00000000,859,856,5,0.00072897
1710594634.29852009,0.00795357,10854,0.00000931,0.00000000,0,0.00000000,856,857,2,0.00061217
1710594634.39851165,0.00647896,11146,0.00000433,0.00000000,0,0.00000000,857,858,3,0.00029937
1710594634.49863458,0.00792857,11060,0.00000991,0.00000000,0,0.00000000,858,859,1,0.00033653
1710594634.59856534,0.00765053,10901,0.00001622,0.00000000,0,0.00000000,859,861,2,0.00089807
1710594634.69850922,0.00691754,11139,0.00000761,0.00000000,0,0.00000000,861,863,4,0.00054345
1710594634.79864836,0.00777416,10993,0.00000234,0.00000000,0,0.00000000,863,863,1,0.00076948
1710594634.89857435,0.00850944,11170,0.00001971,0.00000000,0,0.00000000,863,865,4,0.00082680
1710594634.99851179,0.00918351,11198,0.00002042,0.00000000,0,0.00000000,865,869,4,0.00078132
1710594635.09872770,0.00702223,11043,0.00001165,0.00000000,0,0.00000000,869,871,2,0.00077025
1710594635.19858551,0.00892195,11246,0.00000226,0.00000000,0,0.00000000,871,871,1,0.00083807
1710594635.29852009,0.00696898,11195,0.00002147,0.00000000,0,0.00000000,871,872,4,0.00063946
1710594635.39868355,0.00741196,11023,0.00001183,0.00000000,0,0.00000000,872,875,4,0.00055936
1710594635.49856734,0.00844031,11199,0.00003199,0.00000000,0,0.00000000,875,874,5,0.00057059
1710594635.59851170,0.00697242,11080,0.00001846,0.00000000,0,0.00000000,874,874,3,0.00074607
1710594635.69864035,0.00726205,11222,0.00001376,0.00000000,0,0.00000000,874,876,3,0.00067480
1710594635.79862070,0.00784002,11345,0.00002167,0.00000000,0,0.00000000,876,871,4,0.00055593
1710594635.89853144,0.00872521,11114,0.00004083,0.00000000,0,0.00000000,871,868,4,0.00078609
1710594635.99867940,0.00781041,11269,0.00005125,0.00000000,0,0.00000000,868,864,7,0.00081310
1710594636.09860921,0.00801516,11150,0.00005309,0.00000000,0,0.00000000,864,844,6,0.00068084
1710594636.19854903,0.00765452,11010,0.00000915,0.00000000,0,0.00000000,844,845,1,0.00075281
1710594636.29871297,0.00751255,11212,0.00001070,0.00000000,0,0.00000000,845,847,2,0.00062666
1710594636.39862299,0.00711385,11070,0.00000782,0.00000000,0,0.00000000,847,848,2,0.00077317
1710594636.49855709,0.00662515,11082,0.00001160,0.00000000,0,0.00000000,848,848,4,0.00085165
1710594636.59867716,0.00739114,11257,0.00000840,0.00000000,0,0.00000000,848,849,2,0.00080533
1710594636.69865561,0.00685136,11137,0.00000596,0.00000000,0,0.00000000,849,850,1,0.00074597
1710594636.79859138,0.00741220,11102,0.00000758,0.00000000,0,0.00000000,850,851,1,0.00057810
1710594636.89876652,0.00753220,11321,0.00002875,0.00000000,0,0.00000000,851,858,8,0.00072559
1710594636.99863100,0.00748734,10984,0.00003199,0.00000000,0,0.00000000,858,859,8,0.00076006
1710594637.09779501,0.00725457,11159,0.00000999,0.00000000,0,0.00000000,859,861,4,0.00060110
1710594637.19868588,0.00862922,11145,0.00002575,0.00000000,0,0.00000000,861,859,5,0.00078598
1710594637.29863644,0.00729347,10891,0.00001437,0.00000000,0,0.00000000,859,861,3,0.00057027
1710594637.39856696,0.00816236,11086,0.00007028,0.00000000,0,0.00000000,861,845,8,0.00076876
1710594637.49775839,0.00758340,11152,0.00004771,0.00000000,0,0.00000000,845,836,7,0.00059246
1710594637.59867001,0.00714711,10937,0.00003518,0.00000000,0,0.00000000,836,846,11,0.00080108
1710594637.69857001,0.00508713,11373,0.00000771,0.00000000,0,0.00000000,846,847,2,0.00087044
1710594637.79872561,0.00841286,11014,0.00000943,0.00000000,0,0.00000000,847,848,3,0.00088423
1710594637.89866567,0.00809914,10889,0.00003809,0.00000000,0,0.00000000,848,851,4,0.00072476
1710594637.99857259,0.00740803,11130,0.00000297,0.00000000,0,0.00000000,851,851,1,0.00055482
1710594638.09777451,0.00717058,11002,0.00000850,0.00000000,0,0.00000000,851,853,4,0.00026225
1710594638.19866276,0.00742801,11021,0.00001752,0.00000000,0,0.00000000,853,856,5,0.00054801
1710594638.29866695,0.00757330,11067,0.00001052,0.00000000,0,0.00000000,856,857,2,0.00063492
1710594638.39875889,0.00732104,10937,0.00001167,0.00000000,0,0.00000000,857,859,2,0.00057663
1710594638.49868488,0.00738676,11134,0.00001686,0.00000000,0,0.00000000,859,862,3,0.00075782
1710594638.59861732,0.00810123,11054,0.00001805,0.00000000,0,0.00000000,862,866,5,0.00059673
1710594638.69778085,0.00768734,10987,0.00000885,0.00000000,0,0.00000000,866,867,3,0.00045993
1710594638.79866624,0.00707648,11097,0.00001198,0.00000000,0,0.00000000,867,866,4,0.00060832
1710594638.89860320,0.00832843,11120,0.00000063,0.00000000,0,0.00000000,866,866,0,0.00088599
1710594638.99875379,0.00602202,10895,0.00000833,0.00000000,0,0.00000000,866,868,4,0.00076245
1710594639.09865975,0.00702307,11032,0.00001023,0.00000000,0,0.00000000,868,869,2,0.00077831
1710594639.19861889,0.00809664,10952,0.00001389,0.00000000,0,0.00000000,869,871,3,0.00076903
1710594639.29878426,0.00821326,11016,0.00002722,0.00000000,0,0.00000000,871,872,6,0.00062424
1710594639.39867210,0.00762494,11019,0.00001939,0.00000000,0,0.00000000,872,874,6,0.00081310
1710594639.49862266,0.00641485,11058,0.00000030,0.00000000,0,0.00000000,874,874,0,0.00055605
1710594639.59878206,0.00778066,10998,0.00000831,0.00000000,0,0.00000000,874,875,3,0.00062016
1710594639.69870019,0.00754309,11089,0.00002091,0.00000000,0,0.00000000,875,878,5,0.00070460
1710594639.79861569,0.00803892,10940,0.00000869,0.00000000,0,0.00000000,878,879,3,0.00050355
1710594639.89879441,0.00846173,11115,0.00003152,0.00000000,0,0.00000000,879,875,5,0.00093013
1710594639.99878979,0.00831500,10954,0.00004391,0.00000000,0,0.00000000,875,863,3,0.00087946
1710594640.09862995,0.00687493,10954,0.00007467,0.00000000,0,0.00000000,863,851,5,0.00061258
1710594640.19793272,0.00807463,11156,0.00003697,0.00000000,0,0.00000000,851,850,6,0.00059887
1710594640.29872084,0.00721384,10858,0.00004463,0.00000000,0,0.00000000,850,842,11,0.00062058
1710594640.39863825,0.00828435,11114,0.00001822,0.00000000,0,0.00000000,842,845,4,0.00103103
1710594640.49879265,0.00722204,11073,0.00000917,0.00000000,0,0.00000000,845,846,2,0.00036976
1710594640.59868574,0.00721529,10852,0.00000045,0.00000000,0,0.00000000,846,846,0,0.00073520
1710594640.69865918,0.00821888,11213,0.00002706,0.00000000,0,0.00000000,846,845,6,0.00064386
1710594640.79881334,0.00705338,11105,0.00001042,0.00000000,0,0.00000000,845,847,3,0.00083444
1710594640.89869213,0.00768886,10881,0.00001095,0.00000000,0,0.00000000,847,848,1,0.00065710
1710594640.99867177,0.00833561,11249,0.00000038,0.00000000,0,0.00000000,848,848,0,0.00054070
1710594641.09881377,0.00613475,11034,0.00001552,0.00000000,0,0.00000000,848,844,2,0.00076745
1710594641.19870114,0.00690303,11031,0.00000600,0.00000000,0,0.00000000,844,846,3,0.00077070
1710594641.29866147,0.00744510,11211,0.00000419,0.00000000,0,0.00000000,846,847,2,0.00069432
1710594641.39879942,0.00706997,10879,0.00002579,0.00000000,0,0.00000000,847,846,4,0.00085415
1710594641.49872351,0.00690874,11117,0.00001015,0.00000000,0,0.00000000,846,850,4,0.00064558
1710594641.59866333,0.00769791,11153,0.00000160,0.00000000,0,0.00000000,850,850,1,0.00057345
1710594641.69879675,0.00772216,11012,0.00001482,0.00000000,0,0.00000000,850,852,3,0.00061339
1710594641.79873800,0.00801011,11217,0.00001651,0.00000000,0,0.00000000,852,854,4,0.00071554
1710594641.89867330,0.00786892,11244,0.00000256,0.00000000,0,0.00000000,854,854,1,0.00087391
1710594641.99880791,0.00501597,11038,0.00000250,0.00000000,0,0.00000000,854,854,3,0.00091644
1710594642.09871626,0.00681793,11188,0.00006318,0.00000000,0,0.00000000,854,838,7,0.00087557
1710594642.19867158,0.00886618,11159,0.00001524,0.00000000,0,0.00000000,838,840,3,0.00066559
1710594642.29774737,0.02574348,11111,0.00002600,0.00000000,0,0.00000000,840,843,5,0.00072422
1710594642.39876199,0.00471846,11245,0.00002215,0.00000000,0,0.00000000,843,845,7,0.00032624
1710594642.49867153,0.00695478,10979,0.00000764,0.00000000,0,0.00000000,845,846,2,0.00040480
1710594642.59782910,0.00724749,11263,0.00000392,0.00000000,0,0.00000000,846,846,2,0.00071850
1710594642.69875145,0.00813676,11249,0.00002356,0.00000000,0,0.00000000,846,851,7,0.00073481
1710594642.79865527,0.00830935,11009,0.00003256,0.00000000,0,0.00000000,851,852,5,0.00025447
1710594642.89866590,0.00863193,11377,0.00000966,0.00000000,0,0.00000000,852,853,4,0.00089374
1710594642.99872732,0.00710142,11200,0.00001718,0.00000000,0,0.00000000,853,855,3,0.00078971
1710594643.09869313,0.00711776,11046,0.00001315,0.00000000,0,0.00000000,855,857,2,0.00080661
1710594643.19890022,0.00756511,11214,0.00001838,0.00000000,0,0.00000000,857,861,5,0.00064396
1710594643.29876399,0.00822950,11087,0.00000922,0.00000000,0,0.00000000,861,862,4,0.00052009
1710594643.39870405,0.00779473,11160,0.00000809,0.00000000,0,0.00000000,862,862,2,0.00081418
1710594643.49788499,0.00745429,11260,0.00001581,0.00000000,0,0.00000000,862,866,6,0.00052417
1710594643.59770966,0.00755663,11139,0.00022049,0.00000000,0,0.00000000,866,764,3,0.00056356
1710594643.69869924,0.00377296,11113,0.00000845,0.00000000,0,0.00000000,764,766,2,0.00075882
1710594643.79885244,0.00728814,11306,0.00000447,0.00000000,0,0.00000000,766,767,1,0.00066186
1710594643.89775777,0.00801588,11134,0.00000551,0.00000000,0,0.00000000,767,768,1,0.00096893
1710594643.99807310,0.00796775,11077,0.00002162,0.00000000,0,0.00000000,768,773,7,0.00080541
1710594644.09789801,0.00678813,11180,0.00000454,0.00000000,0,0.00000000,773,774,3,0.00034825
1710594644.19879365,0.00766845,10870,0.00000927,0.00000000,0,0.00000000,774,776,5,0.00059987
1710594644.29879045,0.00698922,11102,0.00000422,0.00000000,0,0.00000000,776,777,1,0.00065064
1710594644.39790487,0.00815361,11063,0.00000606,0.00000000,0,0.00000000,777,778,2,0.00057745
1710594644.49884081,0.00705266,10943,0.00000538,0.00000000,0,0.00000000,778,779,4,0.00076694
1710594644.59874511,0.00792513,11214,0.00001466,0.00000000,0,0.00000000,779,781,3,0.00066092
1710594644.69887805,0.00734244,10815,0.00002360,0.00000000,0,0.00000000,781,782,5,0.00075266
1710594644.79781818,0.00710063,10956,0.00000426,0.00000000,0,0.00000000,782,782,2,0.00075756
1710594644.89876151,0.00890270,11094,0.00001178,0.00000000,0,0.00000000,782,783,3,0.00078590
1710594644.99792528,0.00795614,10927,0.00001620,0.00000000,0,0.00000000,783,784,2,0.00077003
1710594645.09779787,0.00711308,10948,0.00000705,0.00000000,0,0.00000000,784,785,4,0.00081013
1710594645.19875932,0.00687628,10994,0.00001650,0.00000000,0,0.00000000,785,787,5,0.00074171
1710594645.29889059,0.00710178,10914,0.00000893,0.00000000,0,0.00000000,787,786,2,0.00054160
1710594645.39775634,0.00656863,11046,0.00001437,0.00000000,0,0.00000000,786,783,4,0.00102470
1710594645.49878240,0.00736292,11015,0.00001279,0.00000000,0,0.00000000,783,785,3,0.00065370
1710594645.59808230,0.00765427,10923,0.00001343,0.00000000,0,0.00000000,785,787,4,0.00057979
1710594645.69881892,0.00837602,11037,0.00000913,0.00000000,0,0.00000000,787,788,5,0.00089808
1710594645.79875708,0.00760357,10960,0.00001132,0.00000000,0,0.00000000,788,789,5,0.00058510
1710594645.89872932,0.00630030,10905,0.00001027,0.00000000,0,0.00000000,789,792,5,0.00076592
1710594645.99784398,0.00577880,11091,0.00000209,0.00000000,0,0.00000000,792,792,1,0.00063197
1710594646.09875560,0.00415654,10852,0.00001151,0.00000000,0,0.00000000,792,794,3,0.00068239
1710594646.19782162,0.00419000,11090,0.00000484,0.00000000,0,0.00000000,794,795,2,0.00061168
1710594646.29882860,0.00424094,10926,0.00000235,0.00000000,0,0.00000000,795,795,1,0.00062864
1710594646.39879107,0.00621539,10900,0.00000864,0.00000000,0,0.00000000,795,796,4,0.00060802
1710594646.49787307,0.00726261,11071,0.00003162,0.00000000,0,0.00000000,796,797,5,0.00031211
1710594646.59782100,0.00906378,10956,0.00000905,0.00000000,0,0.00000000,797,798,3,0.00070325
1710594646.69780517,0.00805864,11042,0.00000428,0.00000000,0,0.00000000,798,798,3,0.00032408
1710594646.79894304,0.00889257,10936,0.00000366,0.00000000,0,0.00000000,798,798,2,0.00071630
1710594646.89786649,0.00883374,11082,0.00000836,0.00000000,0,0.00000000,798,800,2,0.00090585
1710594646.99879789,0.00804663,10990,0.00000664,0.00000000,0,0.00000000,800,804,4,0.00069268
1710594647.09796166,0.00792210,11115,0.00002734,0.00000000,0,0.00000000,804,798,4,0.00079174
1710594647.19781041,0.00756034,10943,0.00000791,0.00000000,0,0.00000000,798,799,2,0.00080541
1710594647.29777145,0.00746650,11152,0.00000768,0.00000000,0,0.00000000,799,800,1,0.00072826
1710594647.39793611,0.00742998,11173,0.00000722,0.00000000,0,0.00000000,800,801,3,0.00078208
1710594647.49885106,0.00775016,10852,0.00001268,0.00000000,0,0.00000000,801,803,4,0.00091242
1710594647.59879184,0.00705348,11172,0.00000967,0.00000000,0,0.00000000,803,804,2,0.00083083
1710594647.69896626,0.00681077,11005,0.00000394,0.00000000,0,0.00000000,804,805,1,0.00059270
1710594647.79786134,0.00956640,10998,0.00000623,0.00000000,0,0.00000000,805,807,2,0.00075109
1710594647.89891195,0.00435129,11090,0.00000267,0.00000000,0,0.00000000,807,807,2,0.00053348
1710594647.99793243,0.00813606,11041,0.00000295,0.00000000,0,0.00000000,807,807,3,0.00064502
1710594648.09790325,0.00841641,11093,0.00000689,0.00000000,0,0.00000000,807,808,1,0.00092740
1710594648.19783378,0.00908982,11159,0.00000268,0.00000000,0,0.00000000,808,808,1,0.00063192
1710594648.29753017,0.00828753,10984,0.00000714,0.00000000,0,0.00000000,808,809,3,0.00038176
1710594648.39793777,0.00680222,11120,0.00000584,0.00000000,0,0.00000000,809,810,3,0.00078383
1710594648.49882650,0.00778195,11057,0.00001029,0.00000000,0,0.00000000,810,811,3,0.00077837
1710594648.59795141,0.00787226,11003,0.00001598,0.00000000,0,0.00000000,811,814,5,0.00083221
1710594648.69783235,0.00676909,11248,0.00001527,0.00000000,0,0.00000000,814,814,4,0.00087759
1710594648.79782629,0.00784150,11163,0.00002757,0.00000000,0,0.00000000,814,815,4,0.00117051
1710594648.89796019,0.00766890,11162,0.00001058,0.00000000,0,0.00000000,815,819,7,0.00086953
1710594648.99791217,0.00840702,11348,0.00001331,0.00000000,0,0.00000000,819,821,2,0.00075793
1710594649.09782600,0.00710019,11010,0.00000204,0.00000000,0,0.00000000,821,821,1,0.00086795
1710594649.19796872,0.00718570,11187,0.00000459,0.00000000,0,0.00000000,821,821,2,0.00086346
1710594649.29786682,0.00852031,11219,0.00002909,0.00000000,0,0.00000000,821,822,7,0.00072608
1710594649.39781737,0.00759867,10990,0.00002316,0.00000000,0,0.00000000,822,821,3,0.00064746
1710594649.49797511,0.00807608,11242,0.00000056,0.00000000,0,0.00000000,821,821,0,0.00104101
1710594649.59785342,0.00776678,11154,0.00001320,0.00000000,0,0.00000000,821,823,5,0.00088756
1710594649.69793129,0.00372272,11183,0.00000510,0.00000000,0,0.00000000,823,824,2,0.00068959
1710594649.79885411,0.00729349,11246,0.00000534,0.00000000,0,0.00000000,824,824,3,0.00074143
1710594649.89788532,0.00818625,11153,0.00000374,0.00000000,0,0.00000000,824,824,2,0.00083471
1710594649.99885941,0.00701197,11192,0.00000323,0.00000000,0,0.00000000,824,824,2,0.00091494
1710594650.09794450,0.00347467,11243,0.00000381,0.00000000,0,0.00000000,824,824,5,0.00039864
1710594650.19786215,0.00870390,11022,0.00000425,0.00000000,0,0.00000000,824,824,2,0.00055448
1710594650.29789972,0.00624709,11192,0.00002016,0.00000000,0,0.00000000,824,825,3,0.00067277
1710594650.39802837,0.00770526,11237,0.00000776,0.00000000,0,0.00000000,825,826,2,0.00075208
1710594650.49787426,0.00812119,10943,0.00000043,0.00000000,0,0.00000000,826,826,0,0.00035865
1710594650.59786105,0.00827842,11205,0.00001955,0.00000000,0,0.00000000,826,828,4,0.00053400
1710594650.69748497,0.05475397,11131,0.00000914,0.00000000,0,0.00000000,828,828,4,0.00059855
1710594650.79787731,0.00297301,11051,0.00000519,0.00000000,0,0.00000000,828,829,2,0.00054842
1710594650.89787984,0.00809663,11267,0.00002358,0.00000000,0,0.00000000,829,826,3,0.00059059
1710594650.99806857,0.00767153,10986,0.00001092,0.00000000,0,0.00000000,826,827,5,0.00073661
1710594651.09791780,0.00829221,10999,0.00001796,0.00000000,0,0.00000000,827,824,3,0.00025585
1710594651.19783115,0.00783370,11122,0.00000568,0.00000000,0,0.00000000,824,825,2,0.00022290
1710594651.29796720,0.00664243,10867,0.00000981,0.00000000,0,0.00000000,825,827,4,0.00069249
1710594651.39791083,0.00784493,11070,0.00002127,0.00000000,0,0.00000000,827,825,3,0.00091524
1710594651.49797535,0.00750121,11263,0.00000272,0.00000000,0,0.00000000,825,825,1,0.00089325
1710594651.59900427,0.00755380,10832,0.00001232,0.00000000,0,0.00000000,825,827,2,0.00076093
1710594651.69792271,0.00721269,11078,0.00000214,0.00000000,0,0.00000000,827,827,1,0.00117126
1710594651.79784584,0.00872343,11189,0.00002125,0.00000000,0,0.00000000,827,826,2,0.00060036
1710594651.89808631,0.00407254,10941,0.00002915,0.00000000,0,0.00000000,826,825,4,0.00056979
1710594651.99795938,0.00872892,11141,0.00000416,0.00000000,0,0.00000000,825,825,1,0.00076918
1710594652.09787941,0.00959250,10985,0.00004015,0.00000000,0,0.00000000,825,825,4,0.00084332
1710594652.19750452,0.00908076,10941,0.00000425,0.00000000,0,0.00000000,825,825,2,0.00077815
1710594652.29792094,0.00405823,11022,0.00001052,0.00000000,0,0.00000000,825,827,5,0.00037750
1710594652.39787221,0.00371981,10985,0.00001312,0.00000000,0,0.00000000,827,831,4,0.00081022
1710594652.49823761,0.00765920,10954,0.00000044,0.00000000,0,0.00000000,831,831,0,0.00077410
1710594652.59795809,0.00759907,11062,0.00001398,0.00000000,0,0.00000000,831,833,5,0.00069425
1710594652.69788623,0.00857966,10907,0.00000075,0.00000000,0,0.00000000,833,833,0,0.00027655
1710594652.79778028,0.00880070,11091,0.00000321,0.00000000,0,0.00000000,833,833,1,0.00028966
1710594652.89807844,0.00786461,11082,0.00002523,0.00000000,0,0.00000000,833,831,3,0.00080371
1710594652.99791837,0.00881065,10889,0.00001424,0.00000000,0,0.00000000,831,834,3,0.00071577
1710594653.09753585,0.00823281,11122,0.00000517,0.00000000,0,0.00000000,834,834,2,0.00065988
1710594653.19795799,0.00829175,11017,0.00001127,0.00000000,0,0.00000000,834,835,4,0.00087294
1710594653.29791999,0.01368877,10881,0.00001036,0.00000000,0,0.00000000,835,835,3,0.00068680
1710594653.39773202,0.00747149,11064,0.00000635,0.00000000,0,0.00000000,835,835,2,0.00075629
1710594653.49794745,0.00710943,10865,0.00000035,0.00000000,0,0.00000000,835,835,0,0.00096331
1710594653.59791136,0.00698402,11014,0.00001278,0.00000000,0,0.00000000,835,837,3,0.00051680
1710594653.69751263,0.00813035,11189,0.00001426,0.00000000,0,0.00000000,837,839,3,0.00069067
1710594653.79796267,0.00741325,10902,0.00002332,0.00000000,0,0.00000000,839,844,5,0.00061306
1710594653.89790654,0.00767443,11210,0.00001200,0.00000000,0,0.00000000,844,846,3,0.00079111
1710594653.99816561,0.00869700,11053,0.00000411,0.00000000,0,0.00000000,846,846,1,0.00051766
